-0.12817518162891323;-22.550972082329466;-1.4422991165516692;37.229489133339364;25.525604133894113;-23.133954106171426;-1.9405732306249042;-10.049559599421158;-2.272212607213113;6.864985435731852;-7.649220582601048;5.812221094134097;1.737569427915462;1.8371838545601935;8.452334661323931;-36.06049570351522;-22.811783611188492;-6.251485790781902;-12.503475502340642;-24.130448719382464;13.302266539716117;-1.917413809819385;36.12206278881964;-15.086162617838236;-4.8855454702093795;-12.822550862527754;2.935235119687505;-2.515013209117387;-44.24531041462368;-25.363785846009154;-14.641971624522235;-15.983119487193273;-39.64894150385182;0.9255886421423117;-26.018703611728288;26.373904101521685;-28.560528299278317;10.824802380854479;-39.00366942637401;0.4314396216124914;12.14898585631296;-27.526371324688736;-11.06714846804502;25.960724812681303;-22.41147234894572;-35.08172158015998;-5.697254095538898;-9.891161366295293;30.71295443893719;6.665512561333285;-1.211817300744428;-25.30459047476233;-2.564608576909172;6.958734537502393;-7.888452267713967;-9.449394711023574;-3.3953972090381335;1.9053876929118343;-16.014419422548702;-6.004481178784964;-12.721973011627039;8.798079230423394;10.299192552757244;26.522674421999916;3.75355848604377;1.1271819772181506;2.4943321554281717;-38.12574174091756;-9.380165628577215;-16.949034690058458;-11.956181641074512;-20.903320458475118;14.090092941341611;-15.658512141581115;43.76161706312311;-13.114883596597942;10.318696911869182;-38.4745597467441;-1.5765370511579682;-2.8386184440878184;-20.588874939643496;-12.81350707275147;-8.302131986025678;-16.716918599224137;-32.7120003015889;4.937193146138081;-12.03035313581336;43.61315960040149;-5.463578930201997;0.6969917904879278;-32.998544206441665;-5.189570273189912;-11.19366048166824;-2.6311035701151515;-3.969667125933564;-6.316725947688759;-3.895523221679489;-8.22152294412518;-4.64161128150538;0.8166063895946427;17.90344120992738;0.291191238108077;5.100649244211073;-5.1375114723105435;-2.3542166329598215;-29.723350678507614;-7.6644257994347615;-9.52789195647726;-8.459562590354835;-19.627228956243172;-4.161998807864343;2.4493163784318073;-4.104033763527117;-7.822012636103571;-7.397456882422558;0.08543065364943456;0.14439929433085125;-2.6293294845886237;-32.163372281704035;-6.832176558846144;-4.482431615477811;-1.4323942960862621;-17.693394849460347;-0.6905563350694212;2.2005402565166023;10.473929101676367;7.278216070436916;-20.421215653981566;-5.332691193102109;6.989903075412256;1;0;0;0;0;0;0;0;0;0;
0.6505718876977332;3.2715031437390105;-10.755817149877895;14.914694184389903;2.710847019887416;-27.579016892420384;-26.472115206779016;-14.65710550885457;6.120803588891413;23.450887443076475;-7.80792647724048;14.01505096193178;4.034206565234631;2.721407607161119;2.416548013195833;-41.12284765058946;-21.577672514011713;-8.375465149293007;-12.325238473277803;-25.357593040383833;17.553284620503874;-7.8761384351013435;30.192928180716155;-21.33676783038414;-6.40519304358894;-29.19210724694758;2.724972957408138;6.115864830479778;-38.271255854451084;-11.322911359192329;11.71130947473042;-34.134439614383176;-37.54377509987989;1.102584057213222;-9.42490609261734;44.975011287299445;-13.411542575241885;12.204500311811275;-23.44422427422345;-2.2470933745295785;7.603671727471929;-13.06268186424423;-2.445910325832923;1.7257267895458488;-12.65335006073699;-14.157836823304967;-10.37005299893614;-10.257602946421407;10.748826601476054;11.7042755329624;16.33813382072695;-5.235883627426503;0.9292756526978552;-1.114836592727105;-31.065963743391144;-6.8423574813015104;-13.049113160760928;-16.69897296565237;-28.83313436836053;14.362518800531216;-10.915638242526406;49.83147414230986;-4.9931328924740574;9.030289220835762;-23.680641242022073;-3.0077420776390804;3.4112971660351548;-8.957566478983328;-6.383571248985431;0.6288703647431076;-16.0938807992681;-34.39152787641498;-9.544712796224546;-15.112161028602978;30.115385646802125;13.200080247169689;16.032745816658597;-22.657094373462172;-3.322420481792053;-26.932315835448282;2.2571954395098786;-3.288604153715261;-3.724291713223114;-15.714268034954545;1.4173342015910335;-9.806305076976686;7.087317803427783;14.27143349053256;9.625674081609716;4.745353568317694;-5.325452602842611;-3.3357646329283783;-28.39467243333342;1.6154996505364756;-4.905775129996681;4.068902573158432;-14.43083632599687;5.517670289592629;-2.175338693094902;0.963962692032158;9.671619421223836;-3.9035014733768847;0.1354128406318736;8.343821694904785;-5.949089326779478;-12.526478124565307;-1.6774802269056348;2.7754689039443328;-3.1197241718491093;-3.7824798196304856;-9.848681693727498;-4.518468343380509;-1.8899274273899114;-3.6080239393979485;1.0001156676041776;11.185676099545619;7.554316638249267;-6.445670189342953;-12.219210200952523;-5.816818905472431;-1.1769499643287575;1.6896728605029367;-0.6965936451315735;-8.235485187346136;1.5211672043284488;-2.9917080140697503;1.2793750611091361;-7.512765885610003;-6.133860704218341;-0.7509281566963777;1;0;0;0;0;0;0;0;0;0;
0.7185330786615298;6.133130319117118;9.788495258446355;27.54088643006948;10.780887845015016;-8.077609008881105;-26.19755680954168;-23.843284822597987;-27.60799249874169;-8.584616101461258;7.588978915543653;-19.759111171454574;-19.256811674672495;1.1488166349165385;-7.65503781989051;3.724499286587803;33.69829494553776;16.07339884783401;-25.760335225986587;-23.044223630105932;-0.6960093617425934;-12.636401383629519;-13.973375015814327;-14.189397702812224;5.84074724789257;-9.243684188159659;3.2946921368177446;-18.22706225976691;0.42365632653169766;20.594438201620875;-3.9009274130419693;-42.64004802179272;-26.798840043538924;-7.6365601710588615;-31.850049708667402;2.7313947021880893;-35.08837263763676;11.382068474241871;-14.100373458562277;-0.1543401891304789;-11.546111000039453;7.8914868867067725;39.499655100173214;4.33256464506966;-7.790899102162486;2.6394557177785263;-1.600626571842447;-9.945284945053508;17.392478651365643;-4.1495293379968885;21.985525389744925;0.9540327422536777;1.9418657650514262;-10.498641219531272;-0.08490195749883366;39.82189956847709;10.299713564264298;-37.76413616702244;-35.122192205170535;-11.853831346896236;-17.913527643863517;-23.989741422288084;-28.41971132773637;19.64712966511533;-8.518490331694696;-0.3029865857546271;-6.30974323087437;0.7676125267987989;23.947194101049174;16.246574557536867;-37.67436489508064;-43.5178747054276;2.2066257556271958;-21.47309839580077;-14.182561763362932;-10.296546090373239;19.98226732010089;-0.730122961375021;-1.936379339126715;-10.420711096259414;-5.414841050947607;17.61607536426682;27.91417747929869;-24.79000632653331;-11.491885675423594;19.632932649012343;2.588548757657066;3.6137734584159906;-11.153210567587525;15.362772034821045;-3.505068295476013;-5.047014864563887;-13.77938482628379;-4.158228365879814;-5.066543861837201;2.3818684805605783;-5.36699256639654;-5.558085705633957;7.555584551832397;0.9090296069660458;1.256037310391448;-0.11523725859987326;-1.0497246279333285;-0.3080229968171984;-4.574149442653666;-5.569135097380378;-3.6393954004017077;-6.756180278131277;-3.609128898927141;-11.669331540275111;-0.732936431765115;12.772204158355095;-2.555176218605873;-3.3238098891538237;-3.1461964982537984;-1.7713545915989894;-6.945918931308159;-5.00752960781027;-10.299503462077068;-0.03644094609485111;-0.7450448613457211;5.20429984691354;-0.785231747182065;-6.640171279922304;7.717065342056339;-3.8035392670078747;-0.5633899531602445;3.3631714114304083;-0.9642391687095205;-4.333219947501564;0;1;0;0;0;0;0;0;0;0;
1.4460049577356575;3.7868187537456808;0.38694755534407926;39.99606409630168;13.133110430583786;-21.211115041709505;-18.150448160919535;-25.15377470453052;-31.136443187969363;-8.069550014865488;-4.368259157011878;-10.734331785448084;-25.091458494833972;2.335810469887447;-13.106911123291148;1.8979359665913502;21.50941066891883;8.087192125372713;-43.74360008091811;-13.6636028246672;-5.798481841891045;-29.23048869151359;-0.11274108660129684;-25.59863184038802;2.1121072056043584;-4.983990568720602;2.92609542259754;-16.06815773509375;0.26888873428311527;27.398855535476173;2.252096758514022;-53.08120085745749;-24.94085209794525;0.2522827095850345;-29.11987165829933;-13.071875457821935;-32.83649459801817;8.993653980077259;-6.8119089014357765;0.9176991637333202;-12.074442839344249;17.593002373099157;40.86574917522901;14.540144100755288;-30.604228554294632;-25.898740504865405;-1.7746455875831233;-15.380021232730757;-6.795318495728255;-19.914845831599578;27.995825441438946;-9.502600812408746;2.0561549900366223;-15.495869288322815;-2.9172060675538476;31.893756833846705;7.912523066188552;-38.11468604501026;-45.56202813450259;-0.013230113933925518;-19.848984559299552;-7.718590129517569;-18.888103496425003;30.721119912481548;-7.537749769584325;-0.8626739788661162;-6.6548447250670275;1.9344338039239637;20.058697325727266;14.904381925395631;-43.63665818199826;-42.62046867586651;2.8479586826755363;-18.91632116749678;2.4944570963998207;-13.761524468042332;35.924290457372585;-6.2412629245487246;-3.346511268341419;-5.917291048659739;-8.083901328516014;12.60815378787491;8.472599519025678;-26.2834085413187;-12.474756944061316;21.51962295247916;8.579125494292175;0.1857373971640256;-14.281041639313294;15.718874694451086;-7.732457267080554;-5.6049550130943455;-12.03529878406059;2.1198291338626563;-0.6543155609883137;2.418122464078667;0.2674407419232579;-4.223015751525557;2.717281439112602;-3.966695133816259;1.2847447911488223;-1.0648549808753274;5.0355138002172275;-3.694205438134883;-5.5399675145836635;-10.890456027778814;2.5973023666115065;-1.3951563612392142;1.8426859712405115;0.3177596458931975;-1.7795850583921335;0.11907467831368472;-4.798958106980552;3.023886514418146;1.0041534982292588;4.664537069548363;-3.2707383988599767;-5.728620044373173;-9.70094300430882;-0.45053214223789706;-0.6909420416493912;1.8379653291847495;0.030972590580750303;-3.663109211228851;1.0735253422100335;-1.764064439391731;5.030258878142152;-3.15389249720574;1.5653782010824049;1.1510597245305985;0;1;0;0;0;0;0;0;0;0;
2.6709346578379907;-2.1570284356337615;3.1045107247074504;26.535177157077335;9.673266519360599;-33.10755492535933;-38.51390652024856;-12.827613187851746;-23.565641565619117;-13.774102063980152;-33.4338830257707;29.88036801534468;-1.1910616296224161;2.8355842765532957;-1.2957510439187365;-17.016635975750454;9.19339924418042;-0.9163450841230829;-23.951038735662017;-45.24979344682743;-18.12216149530354;-7.860700812803655;16.000041219234966;-21.113403762740102;17.031259837993343;-9.698077745062957;-0.3681915301743868;-12.958055395991408;15.209705562518486;13.097167738915674;20.645311345877367;0.10532463352158086;-10.443099794389223;-13.531831244126451;-8.480044908698467;13.424951430597524;-7.120026845208107;7.459463981227447;-3.337291805501696;0.5668107908937784;-7.288283972248822;3.5214341062190555;22.21129313542684;1.881349144547253;-7.403582422188176;-8.537502828770169;-17.647873234968905;-24.514547313524176;9.112923953508972;-15.734289566739118;36.40876809144327;-20.673152424319284;1.8275471333284024;-13.068658536243875;2.3578698957317865;17.907643597123414;10.369514258843932;-33.49383285293962;-18.187915323056043;-26.522574130464363;-7.253381293729314;-14.851353769053738;-44.768982131108416;13.138931244584262;-11.906982139218588;1.430538373653728;-13.36276216897294;11.052329019171776;29.89220010169064;4.7848824461621025;-26.00109406021273;-7.090179760888184;-9.14661598938519;-4.171829271296822;-6.593889868729143;-38.4929130962168;30.679207762063275;-7.787547945316302;0.7207551223565006;-20.432875620311208;8.935909215603443;41.010653184943074;8.09369218101941;-15.015592486278068;-14.83517221803186;-12.214556085461117;-17.27065047353803;-4.460655966142413;-26.116601084653006;18.64570665905765;-6.646918149493244;1.5476604598108505;-16.95359651739726;3.5955904998928214;40.39112514373851;14.492260704595756;-37.467558284649684;-38.36007675105168;-5.636288043044247;-22.655777141741144;-16.021452488107077;-22.427186284698085;21.82508307573783;-9.539641935587925;-0.8571659295891068;-10.071922463920467;7.816802495971209;14.955945273820783;24.172321667310275;-34.135284349952975;-32.37117677250861;2.24731862372887;-14.53256662469965;6.979523398460249;-19.94639328995582;30.793586591196572;-10.341518205300423;-3.015190847739658;1.592720534572516;-16.984354368202467;-17.14828843664214;-0.7642966764940655;-4.059314467133333;-6.641891499678267;4.695869337896174;8.329998535374118;13.679993846426566;1.3375679404918648;4.9836245762020415;-16.393237537990252;0;0;1;0;0;0;0;0;0;0;
2.4270023035812094;-3.769682368144215;-7.787144163072433;26.847866364041824;13.300488654038332;-40.45276681473026;-36.852863117493314;-11.917146559599932;-10.288946680498519;-13.68199312648149;-24.434163365018573;23.837669432144217;-8.756328105658149;3.0757683600457204;-4.206295512604814;-24.202344256391058;14.690936397538623;-4.188968452095292;-40.1871294590641;-50.38786117815096;-22.018067650886685;-5.950016109014532;-2.449161615024556;-28.345469129148693;22.055800448266503;-9.987029129585348;-1.5419668282807404;-9.293350852202387;8.979516021193517;10.195779120559571;24.81740757070699;-8.697529617948415;-13.222362180755141;-8.682812258611458;-2.594694840014624;4.689938127655264;-4.659318319231779;6.168120733801199;-0.4726213455266557;-0.4418592996807327;-7.700419343255514;3.305867066016005;26.011895457346654;7.840064602626321;1.5135641282722978;-14.052202753341042;-4.951791194839129;-26.065701490604898;-3.3849571017144524;7.533520619746784;26.61059416722525;-18.68832703804769;0.986203052798987;-6.739520630121124;-4.613244354282287;26.528891831566938;18.569552945157497;-29.765940699379158;-38.315367541184905;7.343395961522911;-13.769449351107053;-18.76761888487737;-20.029216208222216;12.720287692553722;-5.130704281056594;0.7604864219936778;-4.9025845551052205;-5.362048978468012;21.644645624295798;10.77712712219743;-41.602856176145266;-33.522189106158656;-5.592840662912388;-21.862213365743745;-30.715732214383305;-36.333321031165056;7.2206070377038465;-14.342802333896863;-2.014021823480063;-9.389974106191753;8.704123182643727;35.65985649174166;8.40102850850147;-5.132974613747059;0.04797324528931156;-2.288014824490525;-12.533725671987852;13.793056969351563;2.540396560770496;4.778830421183443;1.1655060930563181;1.0183989332360701;-13.678178263765247;0.9684191411538786;35.103579378089314;7.821905013206045;-32.01242705309848;-28.68305595100208;-0.16226503209943602;-24.05707242673779;-28.481459131595862;-30.552805378301564;14.34716618991843;-10.278362727861676;-0.8582120967258411;-4.144485243384603;-0.3580387509075039;17.19539450334724;4.5929951215970215;-44.05434421384184;-26.58056188759695;20.28936580366002;-7.0576013532688595;-7.177015409423173;-39.00158497212339;17.114045941701313;-14.272643956378715;-2.9879143661028174;-5.376833708065305;-11.835675200669566;3.423137885045521;19.262876023986042;-7.635378768283605;-0.418242227500223;-2.89851715621005;8.99770478809109;14.672797172327071;-4.132090738171927;17.318351270563657;-7.806139991979678;0;0;1;0;0;0;0;0;0;0;
-0.7754408831481704;9.126322519275517;14.401059161792372;9.444866210377304;21.713040631651655;-18.925286433642157;5.728485654075168;12.677929457892414;2.0845939815711736;4.4869678188485915;8.218594254851375;8.45034837165355;-14.625843262072724;1.3869680435687237;9.861756585540267;8.574445118589619;-1.456999802320576;-27.894635300557365;-47.98755354588471;9.400968144965343;9.367909040758832;-22.181017287447016;25.102969787797278;-27.038210521610395;-20.11773534820782;-1.8676900771334548;1.5756999211476947;5.745494405620978;-3.169589413702178;13.693867246649587;-14.169860346139492;-14.423088312780123;17.092077611004235;-20.391377965130648;-42.1565900451971;-7.532712123139337;8.411497646129874;6.901628225107267;0.9285139898877177;-0.3670480044855605;-14.31820842383351;10.203458823387749;23.344276062114307;22.718327547430427;-3.4115573065303963;-14.541941206438645;-11.378564051162883;-4.794707468620805;9.89028248109124;-15.560590226198082;5.203060430726874;2.5031428990057756;-1.635223422122204;-2.9202058378257156;1.606021639413885;33.738497059280824;18.412525738111796;-21.53478801854799;-12.405081400009225;7.141912327105628;11.391669000716798;-8.466098643381983;-11.849721658792987;14.138473234973986;-7.19457588674024;0.06014287637176324;-13.773443327683928;-19.537832482419645;10.533130051050097;11.93539258619021;-6.811703060617538;-28.733245426341607;-11.65613101675269;-9.371026193946676;-11.17347248758352;-3.621273662274908;7.295964645470377;-6.373825258836773;2.039754193966218;5.506853306526045;-34.07035042790937;8.674347135612477;-8.174396932315782;-26.480851779036893;-19.057942194025102;-4.939907656534171;4.988340833710531;27.038578416857177;6.324767133230882;0.6737214482300529;-14.89153174820773;-1.2971980299921302;4.108575030520571;-21.05932603436126;-5.181572619223692;-0.5851746776235873;-5.902770587124795;-0.37023247985207297;3.655284862878479;-12.284529322436365;25.767674579196626;7.723195385073407;-6.766893041317509;-10.180257101840713;-2.309343025474271;-10.708526245413415;-14.21237357584302;3.861253817214308;5.905105472871496;-0.7536779197728775;-6.220183637073057;1.2077227389027383;-7.493648130324083;31.949677991691278;6.728600764520958;-12.951078647594912;-3.6824958069877995;-3.540803147017781;-15.977665043438098;-9.054040915927109;-2.3315940023966233;-3.8022776740303947;-12.381642135862378;-13.664832113354153;-6.996570245687498;-8.145953195918844;6.17653988331481;-4.854085506837621;5.620295146728655;-10.235355539369229;0;0;0;1;0;0;0;0;0;0;
-1.3865366239251793;9.312414410274327;15.234664109867706;13.75782595337802;19.74105182376194;-12.378885576994634;-0.0038131231210800976;14.136575954513303;1.0207369058057687;6.768266614763394;5.959069531549254;-0.722374332364078;-22.381783337577627;1.113068176994682;12.006511599880325;8.263196540634087;1.3426534824427518;-26.10032943694374;-44.87147299557928;2.7407386824971365;-8.88275156180586;-14.857207609379662;8.938069587306352;-22.593796068325954;-12.44060372755012;-13.729606388505504;1.6916252154530615;10.128227030481142;-5.257991025966598;9.397655637581817;-24.348538255911244;-16.89288119569493;9.333012768481295;-22.244154417420734;-37.587932756625435;-12.6368027076034;6.393736982029314;11.016189593698378;-3.432216216548373;0.1997220444642984;-14.645252176298886;9.613396681661262;18.196416998189996;21.682505513144335;1.1025680046609145;-10.735120848589897;-10.68872483694503;-4.383444726601572;9.752551622884196;-17.495237762627507;5.376982336986557;0.33516917901228593;-2.7146265565493612;-4.82045425682801;2.082797314237978;25.642513984466643;22.366962263129036;-7.796775398193026;-11.304082513370021;13.420839172090234;-1.7478960008263251;-8.35119171859634;-12.649652015994766;10.704030600908904;-3.258833595838042;0.9220882218198371;2.6362832262740676;-15.445247730641485;17.076493414770944;6.219395886913206;-28.254182676675942;-42.30496260282228;-9.266141950917683;12.05232167459791;11.152131800002973;-2.51706274290639;13.812060095840094;6.74943326996719;0.593228724895108;5.470646797058126;-29.746537596701298;2.0762538553418075;0.11357666962643337;-8.002039967327542;-4.635978915929681;4.41584465074116;-2.622977139858135;30.890371863906413;2.3258112005422595;5.3109043579181865;-19.44277915125057;-2.0342064219907177;-4.192989115093472;-15.989818384313013;-3.359597979445366;-1.2048347638632528;0.04262762835345186;5.557393009613559;5.832167378196122;1.2026885157151532;20.314889760957406;12.512738971017063;2.290825109914472;-4.663581037958523;-4.085273193561402;-6.2048925722749715;-17.71792248394661;-10.267094538389163;0.3227650796836703;-0.8359920825621032;-2.3520272854939006;12.680160946886454;2.2022285034334024;9.720394304975475;5.269574743074596;-1.9349836412882628;-2.590959815665702;-4.163981204249548;-6.826966619866349;-12.240516328164123;4.484194430176749;-5.900740749642725;-19.42064448470772;-21.675431406854745;4.277135878565997;5.964855132347595;-4.2248519608290565;11.022650210884532;5.084135841953652;-20.656812003627056;0;0;0;1;0;0;0;0;0;0;
-0.15284286893643323;-37.32306895408708;-10.110285628305837;-11.092243057540157;-4.3643517386060635;-16.36110083073121;-6.869731493764968;1.1207090502183845;8.533125941926107;13.278630445274578;-20.068508246240665;-19.24611807516071;-2.5430892237814247;2.797376449562042;0.9566719650600662;-35.898000536580646;-19.320255546639384;-30.183435360743527;-0.14413143253852032;-13.900153537741751;10.284642313925033;-20.815724589903823;39.549638848741466;-2.7837133804723826;0.8566243332703727;-23.70638986077931;2.8419703387151753;-4.3971902000772225;-38.898149128469676;-19.818225753031783;-33.98628504393395;4.926172391939496;-17.743896773107014;21.152431897848945;-22.16930248235146;26.899394299154693;-8.68421553282826;-5.565816011362027;-42.30842418163252;0.472768574931705;8.704907647752751;-11.694196485047112;-6.508580853644327;-33.22044186609882;-7.859974494642705;-5.936579848176428;8.892721292238976;-38.41540907452909;16.507524601166516;7.1525384379132495;25.62723153662702;-3.1477520041723235;0.7301288313993296;2.209078815177904;-38.08240685459065;-8.709322286445198;-14.117516018545427;-1.762889071308136;-1.3386030881703734;23.370298906338586;-33.339632055122365;52.27577102558535;-14.479923618842385;-0.30310328240321605;-19.70279042405969;-3.117644796947253;0.26612083147130844;-18.955793591117946;-14.223319849685904;7.089523235655339;6.897954079075605;7.325570864977215;9.631425320941839;-16.541983670547282;24.29604766586941;-1.1700941842706385;-2.7753202947390436;-10.871154801296715;-5.566211223090933;-8.19694518700355;-15.109104101545007;-10.393233400549004;0.6855469043475969;4.73792212894632;8.265976413650062;2.344009908399931;-5.410836290165392;23.32351998265053;9.069736579554005;-6.963573014862196;-1.703184686318398;-6.6422785809364155;-10.132227777349513;0.19645435197987177;-0.7385166730107618;-0.9672743566337727;3.146273858273073;0.8490854489719903;1.5881172498916238;-6.212319842356352;-0.8305496118605725;-0.5039322576862681;-0.1472774164487216;-6.106193139536707;-6.441093434256826;-6.03163693072733;-1.065963190505704;-2.903977898399345;-6.799215087143748;-8.077067641001516;-12.49088699001691;-8.306434916189202;1.0408595825729934;11.554016594460874;6.878777147369231;5.609150452859469;5.773840037468563;-6.563627201445679;-7.904744906656103;-2.341073720968812;-2.499625663147658;-1.8773516118047076;2.790676075183163;-7.79217970964271;-0.4225551974578484;0.6578629135640466;1.7394383168354428;-4.980721168458638;-3.065386568344202;-0.7673289907163425;0;0;0;0;1;0;0;0;0;0;
0.37420882870322464;-41.72892335619849;-8.81623046145727;-5.672117016594627;8.39239294466187;-6.880698620617175;-3.330682182112547;-9.23532862486361;2.919047944242881;21.52779118069225;-4.102143672428405;-0.009614092316964059;4.845191468472237;2.8421477168869935;-2.3593502129778283;-34.06614457854641;-18.09834706168597;-34.426860256028135;0.412943481728193;-15.01299154001092;15.391108956818199;-18.912742629588724;41.80017716953693;4.466040796931875;2.493176723797404;-32.571589673980974;2.374399847459256;-1.2045691528579092;-39.72932764535665;-19.702811185267837;-32.64684852908709;6.065700596784701;-19.891022507198496;19.555477688537692;-20.886733465579503;27.406421148582623;-4.6435279843019615;1.2688132171502362;-36.2153954844418;0.31093463773539665;5.5201022290937205;-8.143718487679529;-2.769511741070422;-46.5492498644539;-4.305331346008056;-13.936421776514567;10.185139129963515;-29.312692959424126;12.02679125075899;4.215737503214706;24.453974921469758;-7.029643221261024;1.0663291362098195;-1.1791983311055934;-37.18927907804745;-9.237986698733637;-13.691119857789163;-9.792707379078124;-7.552003379894271;23.40123788797061;-35.67602678717178;56.55771024759657;-17.424394591292884;9.735837370037675;-26.832887209405822;-2.2409206163232347;2.415868684129108;-26.790916438904723;-7.776867646867277;-7.240765467611047;5.603807709334218;1.0233180165501463;9.75579245231054;-14.87867699155467;19.764581314954718;7.708578905054952;-0.2735834360739398;-14.846209089946074;-5.405079909928174;-2.2642701560111114;-14.628375484085375;-12.728656579576256;-13.012513071545726;-2.9274153133035794;-0.41460851170495094;-5.276757314547091;-3.5177469632095817;1.7847205497752316;3.169765973942291;-3.4010389253241886;-11.847467143471162;-5.227082675683382;-6.439601987238286;-15.78239108389892;-6.50539868205067;-12.587479677386439;-1.9504599366810478;4.931002844914766;-7.026460479210651;4.710333221208739;11.79895462138011;-9.40251057503342;-18.148756733122486;-12.736715311530844;-5.943798021219607;-5.716461979590696;-6.367563130355204;-10.214192930840444;-15.996912864840176;-1.834597854475606;12.265241768039987;4.30689474085463;2.6550760284167323;-7.951665405255738;-19.13875658974851;-15.336900502200903;-9.592056611884562;-6.407612553337495;-4.430132884167387;0.6830333681986981;-2.236357811746676;-6.523070210758296;0.7042085778541249;-4.302797331991352;1.0970377016716248;2.346299506869495;4.453505605838934;-9.461711462760901;-15.968626445389692;-18.134038196691662;0;0;0;0;1;0;0;0;0;0;
1.2170941425864832;7.773356668818774;-26.947982575714153;-12.27272065154655;-28.76086587804085;-7.15551949630385;-20.915857933040794;13.572156724386463;-18.184122029217644;15.70922156405088;-6.679686838129222;51.24005762750006;-15.742795717698222;2.7933610931424377;2.0170786879053466;-38.409576045879206;-28.417230379595374;-15.45735685523126;4.7804108156240215;-38.53427697558764;25.034198072088508;6.943106749223858;22.167601997123892;-2.2186680866160335;0.7512014597729837;-34.009392523630204;1.6219737812448272;6.981320956262032;-30.315602209739883;-22.188219873884062;2.9395175789202432;-18.71019421568938;-53.59361687469923;15.872030233343642;-4.553578771295033;28.196907510652277;1.7972752936074485;0.8541952042197225;-23.283189161634894;-3.1073966881139503;10.885083809284334;-5.7556473986944265;-10.72760070832945;11.907239039944425;-1.9051518198258899;-24.65153542145637;7.139327887341023;23.371741890885744;4.818776543444323;-0.20878990231546632;-6.219441904762007;-30.34537178540607;-6.47475828145935;-0.1135554663105032;-8.542545287288368;-12.451636966804774;2.2080370635769633;3.8855092264727156;-16.035137316943114;0.027159630291301026;9.058409906746743;6.321467810112015;-6.762509339679377;-13.02737110753552;-19.363241518159562;-2.2331786865538574;-12.61939104906604;-14.7136002475001;31.840355118607928;-4.898601889860892;-3.775403545361987;9.871653628735492;-24.58315308300479;-3.439352876787422;10.22561875499332;-27.284812940776252;-9.402149468144616;-9.48158181312919;-1.550968562606981;18.653603555688548;-1.431790454601272;15.341414389919809;-22.94603973797559;-25.313300755039826;2.9069660742889987;0.9790370444850034;-32.04305364024578;-24.11008068604689;-23.299448762932833;-1.1726522227954503;2.9987481543862424;-2.0915050210975004;13.654324663250039;3.421003434441109;10.136654124178964;-30.544967379969194;-34.13872618628024;-0.7632054135472066;-6.387676871366451;-27.09268250647514;1.3637545640280906;-6.795031824116076;-2.465859349319323;2.1384464179491265;-3.6033494467134437;13.570111551167146;7.5923632245181025;-10.91126812018957;-20.994515843090507;-23.16528478742123;10.808646664390949;19.307126888063713;-21.82943294285721;16.25139552932809;-5.7788271171738534;10.473134061697444;-4.396353418877022;-5.798672387846815;0.8794831407144794;-0.4328869289512963;5.310177245607849;-6.212839086524216;-5.182573076976675;4.72898483425768;2.3772383661904346;1.8642495658060063;13.739314381591322;5.210371966310691;-5.377708596157085;11.230805780801052;0;0;0;0;0;1;0;0;0;0;
2.6153676310195615;-2.6627749514781778;-38.83076240244863;-12.91110105401117;-25.631417166706342;0.67391897297753;-6.216386624427046;12.046896129994325;-10.963009126505067;33.54128511783377;-20.7099569496837;36.253190137580404;-28.21784981798624;2.8749105855892636;-8.409063550513828;-36.98468610780316;-19.460215107999034;-23.625808377409275;3.043869195742868;-25.232978046010125;7.9901638123648135;10.17050478105803;32.38704108623216;-18.714159553998552;18.53731393576466;-29.293901758625413;0.10884908793575249;2.6796401649226627;-21.836518653951515;5.974036351075706;7.400354213240058;-14.067620702458342;-44.54749310120131;0.9045695565137296;1.3998058540040716;23.32177447027729;3.9144206603372784;14.578955595638632;-14.420299299008754;-5.08129691359047;3.1650015624552927;-8.76572318171199;-6.144520186012686;12.25165060634653;6.0565450400766885;-17.61186845828126;1.2939848247914012;9.610979639725429;16.0215598068084;-9.17007899121611;-3.8973527231400817;-7.992615841505892;-6.126586758355382;-10.287935352202627;-11.091499923430662;6.180201096778764;1.4428565467518486;-9.653923458472745;2.2134046428576144;-1.8062445466424306;-7.699326315161028;12.503249240408529;-5.938955431408068;-8.798505086412828;-0.5344469375290161;-2.213594435292401;14.765187353899936;1.9337794111691402;11.948352677051371;-10.906971961574438;-4.805480521579048;18.7028197460805;-17.955065237404753;-29.089726788370324;-27.190583181362886;-23.98269407820462;4.264652944608698;-2.9865884008893775;-2.7099139381690645;11.349131971695774;9.47193320288034;11.030666205161328;-27.56710056058459;-28.159639314399712;0.6737041232843761;-8.93575763057824;-25.7810821200052;-5.424387421183925;-14.868481997581043;-9.213881563239221;2.2610307659428637;-4.9493842959157766;6.904700599229439;6.943197762790235;0.3173631760305213;-17.393854281307306;-12.610742971862877;5.331809221754864;7.704626441276375;-4.943836877361074;8.629013175551723;-6.593021546114582;-3.1496407587802393;4.095072499918237;-5.976372948716032;-13.83306432512843;-8.499254899731667;2.4488999682015535;-10.090238464906076;-1.059322490364669;1.5470239254642084;-11.239033995028466;-5.0896171504195555;7.891955872634542;-7.038624746918038;3.084826604275812;-6.336635675989077;-6.782717529861399;-9.761679400141874;-1.291069101449833;1.6562618957106092;-0.6545745079952876;4.347955071805094;3.113485173729581;1.8445398424092931;-0.5787326324294457;5.6976899931168274;-4.839728340337442;2.0570901915912634;-0.8235626738842099;0;0;0;0;0;1;0;0;0;0;
0.9458853859688762;18.848350533842126;10.568168890058704;17.01120602810733;-26.749492267804477;-40.065075211343085;10.61399672250598;-10.418003364891666;-19.363221319375675;2.589723747333254;-20.125644558191627;-10.07171730155926;4.046435191296346;1.6632044995330855;12.005137540207443;-9.167989127915462;12.481500874459892;-35.41506087810643;-18.217885034674932;13.035853827346147;-13.84929478323788;-47.02737521819;0.6319787755484212;-28.437486136808612;13.67242322005362;6.680632560158676;-0.44355424303604846;-13.272476400175673;7.6107255389840285;20.409476524879917;10.996616212152391;8.630888844826748;0.21660661510577156;-16.508592099190803;-20.11179661544715;-5.5746516299711795;-6.123905507077559;5.028864467919805;9.27529349777717;0.5387188515925058;-5.688329611351279;5.888211114107557;33.24564036766634;17.55509337226641;-11.168637049274023;-18.900712666944234;-7.5784802671531795;-8.553014213776027;-8.871419176902947;-18.892765959708996;17.193103129815455;-6.894315331244676;0.9610517825208146;-7.885591688646161;1.6372577686496155;31.70232551087816;-24.874906871065978;-34.856565023411584;-8.12294961297684;-21.252782289717782;-25.64148770369476;-14.692989320464688;-15.871918027978385;20.50189869356425;-37.98146925775262;1.6705531548288612;-7.289604129631307;-3.093829270670646;33.855694634779915;-15.731487088873685;-41.45551552449602;-9.589862683284268;-0.5650505851575724;-21.8026353818909;-4.2774958557886915;-4.9081076118397435;36.358401433182976;-22.163360142455453;2.3859543107890073;-8.24663075282958;-20.317239955852962;22.06023701826282;-2.638204989115193;-28.228714146893264;-18.334654052660458;-7.007268811062727;4.822076521861698;12.69296535045852;-23.327366969369937;21.838513715267364;-10.13092363179139;-0.6342316244333537;0.86853550914669;-17.835941641143044;4.017820077451249;7.191267027497962;-15.484551704462286;-2.544600530552007;-16.712070736207068;-6.3039087913098655;38.273096320829616;-22.77423209921394;3.2625056553886616;-12.328200452722571;-4.265717695295943;-1.9977979707151303;-6.6254320446783455;-3.2261837174073507;6.947136930983115;6.867925113533852;9.05745206517034;-4.0578588690100315;-1.0813403759871423;25.553456001271087;7.423619073989765;7.919665618584716;-4.935100436484431;-5.377818795366862;-9.948166432785698;-3.5454426002386876;-1.1601944220806317;1.980438336899312;3.5649695201558385;-5.290451937188799;-0.4015730232285856;1.100522453738518;1.8045148692293191;-5.489395490311891;0.5617320335911121;-3.2503695750835937;0;0;0;0;0;0;1;0;0;0;
1.9202285908604626;19.60343915496729;-3.596820996782815;22.73893742243331;-28.666283584603327;-42.95097099663118;8.290138827065118;-12.962716223630022;-28.39607395203448;-8.01062090465664;-19.038282603123978;1.4966626739366538;3.2076757543225183;2.3408242249213553;12.398459363103026;-12.851479568435394;14.000524610677184;-33.829291044360446;-22.721823980780865;16.991991521488718;-18.533141481016028;-47.83969567668857;-0.285623963039784;-13.973085518012889;18.023992721947323;8.591840116661935;-0.5827998458414801;-7.592034612191472;11.252073193008002;11.727353758613962;9.20746116354227;5.479018957790582;4.500528949493202;-20.218207204335762;-26.847907051185974;2.7574639218526626;-3.0079277436150957;14.225514816535647;1.6191697259942013;0.18217578652329036;-7.281920283428304;5.755391856017606;28.184092715081363;23.037378827201433;-20.64768823830256;-20.42266240835173;-0.4650055656926095;-4.384350240641393;-12.294223715704492;-11.743124057877003;6.491044285361889;-10.704006827036944;1.5121411359067973;-11.325302901788989;4.03728996108137;37.760842958152345;-22.937502439205872;-35.38794283709081;-8.852680368001693;-9.14694589072594;-31.282534608317306;-16.963721016785765;-11.393494063740883;30.023397826541036;-24.99246584335249;2.1549776425192038;-5.331409270848315;-7.332930703328084;32.59309425752497;-6.908515075256164;-42.2398564028833;-7.0591733595699315;-0.10522972144769777;-18.014771300887038;-6.087783871841685;-8.887562008587981;31.230948636203724;-17.88518974220821;2.498021194564773;-7.889340989251088;-27.774596205506143;20.3126294566212;-1.279633159252869;-28.85140806057782;-19.19387922223074;-14.3473165837018;-1.1867505113072432;18.638204112241713;-24.46741202647713;17.615945281645118;-6.501981025861692;-0.9968550574373474;-1.1193903019691864;-14.183152618149784;2.9323183416065244;14.771184146049075;-12.446686504177288;-6.457416690022062;-11.318893962549943;-8.76104137393971;37.62876673839233;-15.796941603528696;-9.657612827991654;-2.579151534573185;-4.0235047925711065;-5.554928394927465;-5.236009171945954;2.1611863799087585;8.220665164399652;8.764110643888918;14.46230662368111;4.85561903668352;-11.46145813017617;25.373148413177365;7.06306629489277;-8.585059296315201;-5.834231325924164;-4.777094043819406;-6.0423924743753865;3.679798068683747;0.028374197835170662;-9.439543841781349;-5.841254599055761;-8.513695793803151;-12.342371547694217;-6.891541127820964;2.3803179929469898;1.9659438018786475;2.4173527621713875;0.506371871385396;0;0;0;0;0;0;1;0;0;0;
-1.4845576945854804;-11.186718588687013;0.488085962136352;-16.131988189514505;-6.7582864717946185;-1.7303058129653617;0.8569914733729949;-15.422851121638065;0.018819930324384997;-0.7791676193722197;-10.237787638006145;-1.8017864929662093;-1.6688265372170217;-0.8377658972339328;-15.412752119475364;13.52685185296391;-10.04591500338345;-11.094890435278462;-3.2303109207962684;-1.4395582572378847;-10.86258563017834;-6.492146318378461;2.8256514495978804;-4.625181885439551;7.168166219338285;0.9481992177568057;-0.3486772702096427;-17.669696759908028;10.978733864890854;-6.669293003093698;-2.2668821439382345;-20.121881863030872;-6.54997645924106;-7.299861621885887;-7.771304935648484;-5.332391805007256;-6.769324247539354;-1.593586975044818;-4.645942204331204;0.24433672464763392;-8.844967118475438;-7.126051621700742;-18.119373771079374;-4.224464202544146;-12.442871912352768;1.3549272872600464;-1.4245789055741762;-11.972127898270157;-2.890381785826196;-5.188501515015376;-9.791482366419217;-17.872009869282937;3.1751811488479076;3.2936341187846954;-20.41961442971563;-21.07790217936607;-11.825712924212354;-23.20434250622508;-41.15957294384969;-11.570979734824439;18.91177921089572;1.693156651870085;-20.71685470580451;-13.592713002986466;-10.78883494869883;-0.8402411952340633;-2.9842269640723424;-2.011843480266113;-13.975304752682074;-7.0186084697221425;1.550843807437385;-17.4192239530785;-5.112425576156216;1.0830764442056409;-4.64301146301791;-4.503370519716846;-8.18594112716393;-4.309053351810645;1.5975615568887314;-1.9464845131969197;18.67732228623513;-4.580030214951558;-26.455678765394115;-23.443647841027996;11.796390574721563;-16.976138467861617;-31.662732716452286;-0.9472643061928303;-5.086288905166602;-25.544194217434914;-31.595941851828787;2.5045518737581136;-29.151544283331287;24.763760370786535;-4.601731376374863;-9.780472285783238;7.688602523255515;-13.0783915370953;-13.631019176119949;-3.699756002039034;-10.504869289023866;-10.64059825026037;-8.279292548060045;-17.27619358545997;1.9204152170586548;-8.628986010127715;8.652004739595167;-4.348247920252669;-20.127279032899636;-33.20506707385456;-14.817452399563821;-18.554865139368168;-14.579424329733973;9.202723200023764;-13.487126547228566;-10.05407286475551;-16.507284557039306;0.33834278896089776;2.0799033547060013;-1.0366608158038044;-1.0452338644157082;-6.849724681891571;-17.698666484498336;2.832213781618114;-12.826873699779327;-18.885991406928156;11.2918339250626;6.794861549986085;-18.18149577962257;-5.3028801586201695;0;0;0;0;0;0;0;1;0;0;
-0.0852517679568664;-18.93797929470537;7.633667783385037;-22.9484116834281;-4.477437145226874;-3.376631367852648;-0.6900658752951585;-11.6941319867881;-5.419054367642522;5.478577428486179;-11.490242190104345;1.8599341592118055;-7.377387805718483;-2.1949175604176943;-6.16261169732589;-1.7861028814156277;-9.379884429916645;-2.8509231257893677;-2.632800316015314;-8.540790379993929;-19.200544788900782;-11.299304856695967;-0.25858405924619837;3.6721017533911247;-3.4610868559755987;0.6873540658697669;-0.24547071865869396;-16.40491925314959;7.780659510647544;-9.174026310835892;-2.3892474506339085;0.46209027856132545;0.45193122965077565;-14.644263289540874;-15.22755792887738;0.5623823385519164;0.29599048588175964;-2.531485152740814;0.972405738280633;-2.4126556935255254;-8.271687210032432;3.838848800671369;-9.778776732680463;-0.5055495396155067;-0.9334399151662024;-9.404586764406439;-15.158154369798371;-9.979581116212513;-1.5399815881972285;-2.1567618848190966;-2.949941902049326;-4.969739234420567;2.947918791054228;-0.11096527547564503;-23.541317399594785;-38.78700083534598;-14.904789955163338;-6.47530738976134;-8.754699656703888;13.95263784650509;-19.780330115189408;-14.838328641146889;-3.1081083026949097;-17.042562478503516;-14.601112171116553;2.7810092792032637;4.16263962013108;-16.906267183509406;-29.985432840842726;-19.576604594391817;2.000950206755459;-48.25666885172769;-6.032206958348078;24.028742068223224;18.86455382366293;-36.5543644666075;-19.35863470292815;-12.715515324640279;-0.19475010827689063;-12.629558152331553;0.9178314605721432;-3.2393691004473513;-0.8361281393466159;7.556704279849454;-4.010249024657681;-11.426410874980204;-11.8763025439126;16.775822922825704;-6.177259522958347;-12.965354555942863;3.8740030841973865;0.8449971498178418;1.141045476501045;13.45584994920984;-24.36629540574337;-26.64227175015893;-17.45520848445541;-11.154779846246381;-8.062750549881736;6.7995073557099674;5.570850686718749;-22.02371061924263;-24.54101730959792;-25.802120847799294;1.4939363064575033;-20.472083286021576;23.534848865529845;6.278293158265596;4.24667995153548;-0.16844685454938527;0.26146450194292403;-25.174302658066495;-12.189577983043202;-4.381064910075234;-21.452297320823597;-21.562618251486366;-20.136667219622556;2.55062123102618;-32.842297306540786;11.981328673620707;-22.004125650195753;-3.988237143349761;9.473686191681669;-9.311869285762919;-11.938058632569023;-6.862480043996512;0.0706483933129129;1.7585680466117515;3.536111812770364;-2.10144189798597;0;0;0;0;0;0;0;1;0;0;
-0.3363268245943955;5.217878598536229;2.7310009814249363;5.564527488637634;-23.289309513840095;-5.958662421980685;2.9620395330717253;-2.7766535602061406;-51.079928313487315;-9.350480996818836;-0.6256300881101894;8.625207968502785;7.291908990709036;0.06405130604696921;-2.7184554422285254;-7.472416498055299;7.802668641731719;-17.180109343489796;-19.945104349883856;-16.297722133304198;3.98235827951639;-21.66457218796659;-1.1036018457364674;-2.2569295452577887;7.651869009636209;18.20382661534466;0.38949489189697967;-28.06916120309016;-24.963118849913517;-4.7095541566223265;-4.48476291594279;-1.3499218658770835;-1.324062473189582;8.096255784313378;-4.82788457968246;5.1494586406994145;-9.5946340742405;8.750708171420472;-9.824220644962692;-1.5792495853958128;-8.471762445096429;-26.109287825043552;-17.325120748950436;-12.228408319330342;-16.978732361370213;-4.523471209330208;20.759670901343082;11.318838164821175;5.209984995485506;-18.53808833613741;2.862352338722159;-6.652299769769943;-2.2586058181278474;-2.863232900680243;-26.413552722284205;-23.145305952101996;-10.528668798934762;0.27487229170629457;-2.850969756109602;10.217451456581871;8.035163132124016;-0.035058273649623405;-32.50226569349261;-15.057741173394636;-3.5355956100175248;-3.110937490400938;-9.800136197572215;-12.03687251961626;-15.830060454667791;-2.7612559316196585;-14.636379965707972;-8.36457563261392;13.685141721592098;15.302214302154685;14.409130232130469;-5.656714976790532;0.37087936659256077;5.646101753273981;-3.7430683010213346;-9.27564301148067;-10.296466985085035;-7.880674586549384;-6.291842394144006;-12.269614266438197;1.758173139444906;16.675521376218633;3.6732114593758705;-0.4894505616763688;-15.116464674988805;-4.448284995892393;9.348418985728953;-1.456634012981415;-21.51383008897788;-26.667963047674586;9.430629881593461;-0.9423114175596025;-6.512733564644887;-22.74717788744442;12.936189279542587;10.787714876111105;4.855285614428049;2.924900596353812;-0.779137312198279;-1.9238112964376755;2.817361572575753;-7.054607654720072;-1.3090825519995164;33.709716327760795;13.805240935194181;-24.796197864427434;-32.09395737938589;-7.2740443203253005;-17.621971523125637;-24.789661699919307;-28.70387586987297;6.591690464788668;-16.81662984157678;2.9243392005194875;-2.667730084766372;-12.9100408747364;27.62061080628026;5.195581041718118;-27.760753629373816;-42.85075155065202;-15.474213483041073;-4.302450130168207;-23.67253826395933;-25.882869479079908;20.25973931248007;-14.294086397373658;0;0;0;0;0;0;0;0;1;0;
2.352986332585062;-8.8252012153119;-0.43572231678580614;37.81281912991266;2.2766653338441074;-29.671573768798357;-36.98742829915787;-13.892621846323708;-2.588840040204672;-24.773263164654377;-20.355226969601667;16.944278330437744;-18.57408103344378;2.8778480371840467;-9.310695597359704;-12.38951271618302;32.64638629181298;8.73302904722898;-25.953510433065816;-50.78315232391893;-3.488038340861887;-13.200169162931305;-20.21334659067236;-23.961574002442205;12.797838463485597;-15.40378014598473;-1.1236392535402908;-15.08801349440896;11.823189609190848;25.5614669653974;28.355158941073732;-4.572915872264279;-12.270833779195842;-15.172015194920272;-11.199262885651592;-0.6175267264722467;-9.620401587657016;-1.0377275302084161;10.651720662668888;2.123005019561335;-8.652926123258325;-4.536012846688403;31.331393161073954;12.371620265185982;-30.838236786816;-45.24448433230043;-14.901083848137105;-22.142756648194737;-12.193623685097082;-5.792212960771426;43.46744095943916;-4.103365645552138;2.888356895674345;-10.071485915120023;-7.8969657053445435;35.166479996137966;-6.856802585676431;-28.547199728234265;-50.116621654828;-5.294410704049978;-6.052979921495567;-15.704989275832755;-16.682119033392436;28.782834887100407;-16.500284678683517;-0.1593818312830559;-6.608439087527801;4.90059570932787;18.04056990474154;12.229617679707793;-39.38312032817045;-26.14050857121391;13.653203197226738;-1.0628887665829414;10.109942910197129;-2.833704653332316;32.00296424226277;-11.511537933118019;-3.557386657809936;0.7782575060079272;-11.460015676336708;-16.38063295125709;-4.5046815230030175;-23.156658948298496;-13.005245619066955;18.953572152984925;13.96496090997063;0.15928195410029672;-8.906829231405023;-1.1774351790731368;-8.033517224259741;-4.2387327917551065;-1.9506871948361018;-9.287093214316645;-15.014713830857865;-10.860417792575946;-15.50802780181575;-13.429321322996019;8.3407931673313;18.51163134635725;16.30643214253899;-1.4106168556124892;-3.8442916434445107;-1.2144387876786025;-4.735090886274731;-6.880370520968748;-5.479804178195615;-3.755047320935918;-0.5327511843207031;-2.679943554613857;-9.900913170227692;-4.41862547277324;1.9625570290296306;0.49701033080749374;-10.826470556965305;-11.674753448768746;-6.484710774089787;-3.551420806416516;-5.064125888591696;-8.13300587026257;-18.71693413190638;-6.571125093517122;4.610976640186076;-15.674798381524973;-18.420075623733165;-5.894417644685917;24.106577479021865;18.237544339399225;0.10983235226040872;3.8783306898656336;0;0;0;0;0;0;0;0;1;0;
2.122858028842421;-2.1400243620447394;-29.928689822647666;0.19412556849686122;-3.8704923159398246;-12.257451853216624;-31.187713794443102;3.545206377033087;7.8628335421071975;33.47334306138248;-9.843210243024588;11.132408100230089;-12.075431414700796;2.088514841591364;3.49254210304767;-41.48470339665351;-15.982580241381445;-4.756352046310682;-0.0032395920514631414;-17.255171554746962;8.921552614748975;-3.5043412719767404;17.27958188059664;-11.48960010155843;11.338210712137618;-18.762113648721535;-1.4994790581641524;-11.258807074475135;-4.808681322453448;-8.293148788151228;5.379025403805382;-1.8103119233254112;2.408683094779059;-1.381583222133058;6.746679153405901;22.27638623848338;4.536999769562724;3.121819678939053;4.580298679410681;-1.3798322267628569;-31.69501079557058;-11.265941006464741;-3.772714801237143;-0.2945690967908573;-21.039904288969453;-13.183908151077349;-4.2902625716364735;12.312456321221578;12.473306193619813;-6.248981416222087;2.0872543832103196;4.3634277464047955;2.341583061971103;-11.57468035060414;-14.21272553025962;20.827445637920285;1.5891069491039302;-35.095810512798955;-59.87192998766515;0.18135558296442653;-7.963829893925315;-11.71275333021481;-7.058875161771519;33.35838305668476;-1.3340416098041938;2.12011122590475;-8.906638603364664;-12.527884860759082;16.371039847746832;-4.494964825704649;-39.27945759422602;-46.79948905935537;9.625127383989604;1.0372314154491888;0.6810947520588364;9.639872927632242;28.987375260308283;-8.465597094101454;-1.216866758616635;-9.04781636632156;-0.3125358870115163;11.090976743577217;5.227640921805376;-27.387737056728714;-12.656325425022436;18.975537360733746;14.816189536128267;3.7608871392355674;1.471467378167635;25.15295078877938;-7.210686269655045;-4.9862807008856;-11.41196761459378;-11.514184465636529;-0.26927684117937056;-1.9576305203500022;-5.503098986348879;-17.74294201588187;-5.754441680726244;-2.211133599388003;0.9840507860819183;2.7648131072987097;11.280771216381238;-1.2488810946648137;-6.133128315329106;-7.646439089289498;-4.322395842533794;-3.4272150407594286;-0.7388445269148353;-0.5665104162034141;-7.900070234333487;-7.260842347900034;-13.502313492048177;-4.838690088899859;-10.849248934978922;3.963492973721669;-5.158253997607965;-6.794019630577191;-8.522970671517013;1.5105750877925792;1.6224709728519995;-0.8716148346272359;0.186684587947393;-2.3601875697678594;-3.4213159568334106;-5.182556904892203;2.7542183625258607;-7.370264470764029;-5.153720829092305;-6.123726501003569;0;0;0;0;0;0;0;0;0;1;
1.3470453556443742;7.7802255304297505;-33.45821911367351;0.7120467544416124;2.0804217860045857;-25.739586948419685;-23.69075137167518;1.2876231898257218;6.554979359086038;39.13258268149915;-17.089497637036246;11.649367471838934;-12.636763941398767;2.340295667576238;4.873700852437276;-43.53226101436719;-7.075040834108549;-7.646399717937708;-1.7378803599895478;-6.761105594594603;7.515398537444003;-3.2100925338944877;37.1547250291357;-20.93821149956316;19.29493698756435;-25.105378246646104;-1.3404450649269741;-17.4605019539696;-0.48845097195461906;-9.046755429415176;5.501033898059483;-9.188908897106593;5.048679175382191;-7.594173570931181;4.555171785567519;22.109443761427325;7.10977650977984;-0.09900329398279076;-3.2994837727723088;-0.7060736883528074;-24.98841458357484;5.061137727394269;14.8697558132546;18.819507078874967;-11.078204829263019;-16.959950913036604;-21.66871359243206;-6.65235111620532;7.584062820387989;-9.229726740426411;-5.831136342126612;6.61473267827454;2.0418117512595324;-15.395871459564642;-10.426203412166535;17.916103975072996;1.7094879306049509;-35.590495231025045;-47.35249843750694;0.799378829958629;-1.1481021582222486;-1.6654660056563395;0.119935701813387;33.328815262750254;-1.057226255591327;1.453546062137578;-9.325543842922094;-8.527879580333973;13.015854114126903;2.788904962534207;-35.6323211961375;-35.803590333829824;13.970596500463728;8.482861568888175;7.709642703164331;3.844361562390123;25.99306589160465;-10.739052324465755;-2.449082300113822;-7.428696588236357;-2.8021445468333943;13.390990239403353;15.496579813343558;-33.746098515415575;0.3695916180514034;14.25795477518678;9.637190808396115;14.57372526259757;-10.538257193321714;22.95551674448804;2.900027580688755;-6.124570185728889;-3.9396737725244853;-3.14593256464306;-6.890738711350741;-6.617103038750152;-5.469824546903276;-7.40295387324398;5.7174748085829386;4.331213584497705;12.445236532284278;5.870245156128242;-2.099194063063517;-5.522634891553925;-5.1234094236604095;-1.6675203162052883;-6.552945313213297;-13.224454415426115;-28.85759411183302;-10.562720157879063;-0.6344312820931359;2.9029735296225816;9.343825893312893;11.056495312345486;3.10268827542507;-2.840682678391235;-13.012487115922884;-6.2262083266382495;-8.737159235746857;-2.870600091094996;-2.7582124469854743;-2.6414351622110224;-3.202956794534033;-5.124268306004211;8.892326083219993;0.11431499901718452;4.553934636716358;-1.2466589201043368;0.8382477350459379;-2.830066485987077;0;0;0;0;0;0;0;0;0;1;
